{
  "collapse-filter": true,
  "search": "- path: Index  ",
  "showTags": false,
  "showAttachments": false,
  "hideUnresolved": false,
  "showOrphans": true,
  "collapse-color-groups": true,
  "colorGroups": [
    {
      "query": "tag:#MT2501 OR tag:#MT3501",
      "color": {
        "a": 1,
        "rgb": 5427424
      }
    },
    {
      "query": "tag:#MT2508 OR tag:#MT3508 OR tag:#MT4527",
      "color": {
        "a": 1,
        "rgb": 15063107
      }
    },
    {
      "query": "tag:#MT2506 OR tag:#MT2507 OR tag:#MT3504 OR tag:#MT4509  OR tag:#MT3506",
      "color": {
        "a": 1,
        "rgb": 13784662
      }
    },
    {
      "query": "tag:#MT4554 OR tag:#MT4551",
      "color": {
        "a": 1,
        "rgb": 14701233
      }
    },
    {
      "query": "tag:#MT2505 OR tag:#MT4003  ",
      "color": {
        "a": 1,
        "rgb": 2324679
      }
    },
    {
      "query": "tag:#MT2504 OR tag:#MT4528 OR tag:#MT3507 OR tag:#MT4531  ",
      "color": {
        "a": 1,
        "rgb": 9159224
      }
    },
    {
      "query": "tag:#MT2502 OR tag:#MT3502 OR tag:#MT3503",
      "color": {
        "a": 1,
        "rgb": 16711680
      }
    }
  ],
  "collapse-display": false,
  "showArrow": false,
  "textFadeMultiplier": 0,
  "nodeSizeMultiplier": 1,
  "lineSizeMultiplier": 1,
  "collapse-forces": true,
  "centerStrength": 0.518713248970312,
  "repelStrength": 10,
  "linkStrength": 1,
  "linkDistance": 250,
  "scale": 1.2287554706966781,
  "close": true
}