{
  "items": [
    {
      "type": "file",
      "title": "Database",
      "path": "001 Database.md"
    },
    {
      "type": "file",
      "title": "2505 Index",
      "path": "MT2500s/MT2505 Abstract Algebra/2505 Index.md"
    },
    {
      "type": "file",
      "title": "2506 Index",
      "path": "MT2500s/MT2506 Vector Calculus/2506 Index.md"
    },
    {
      "type": "file",
      "title": "MT2507 Index",
      "path": "MT2500s/MT2507 Mathematical Modelling/2507 Index.md"
    },
    {
      "type": "file",
      "title": "2508 Index",
      "path": "MT2500s/MT2508 Statistical Inference/2508 Index.md"
    }
  ]
}