{
  "main": {
    "id": "693d426b6c82bd4e",
    "type": "split",
    "children": [
      {
        "id": "e6bdb44d731421c5",
        "type": "tabs",
        "children": [
          {
            "id": "6e94257132214db9",
            "type": "leaf",
            "state": {
              "type": "empty",
              "state": {},
              "icon": "lucide-file",
              "title": "New tab"
            }
          }
        ]
      }
    ],
    "direction": "vertical"
  },
  "left": {
    "id": "d191cd99f7ed103e",
    "type": "split",
    "children": [
      {
        "id": "d4f57f17be37e82c",
        "type": "tabs",
        "children": [
          {
            "id": "e1167f7110bcd670",
            "type": "leaf",
            "state": {
              "type": "file-explorer",
              "state": {
                "sortOrder": "alphabetical"
              },
              "icon": "lucide-folder-closed",
              "title": "Files"
            }
          },
          {
            "id": "523ca483969589ee",
            "type": "leaf",
            "state": {
              "type": "search",
              "state": {
                "query": "",
                "matchingCase": false,
                "explainSearch": false,
                "collapseAll": false,
                "extraContext": false,
                "sortOrder": "alphabetical"
              },
              "icon": "lucide-search",
              "title": "Search"
            }
          }
        ]
      }
    ],
    "direction": "horizontal",
    "width": 278.5,
    "collapsed": true
  },
  "right": {
    "id": "3b8043798ea89b86",
    "type": "split",
    "children": [
      {
        "id": "8056e7f111f2f342",
        "type": "tabs",
        "dimension": 50.0463392029657,
        "children": [
          {
            "id": "34fcb36602b73b1b",
            "type": "leaf",
            "state": {
              "type": "outgoing-link",
              "state": {
                "linksCollapsed": false,
                "unlinkedCollapsed": true
              },
              "icon": "links-going-out",
              "title": "Outgoing links"
            }
          },
          {
            "id": "3a3932e2bce8b4e5",
            "type": "leaf",
            "state": {
              "type": "backlink",
              "state": {
                "collapseAll": false,
                "extraContext": false,
                "sortOrder": "alphabetical",
                "showSearch": false,
                "searchQuery": "",
                "backlinkCollapsed": false,
                "unlinkedCollapsed": false
              },
              "icon": "links-coming-in",
              "title": "Backlinks"
            }
          },
          {
            "id": "e36b1fd237ce00f8",
            "type": "leaf",
            "state": {
              "type": "all-properties",
              "state": {
                "sortOrder": "frequency",
                "showSearch": false,
                "searchQuery": ""
              },
              "icon": "lucide-archive",
              "title": "All properties"
            }
          },
          {
            "id": "2f87b90c4c8190e1",
            "type": "leaf",
            "state": {
              "type": "outline",
              "state": {
                "file": "Index/3503 Complex Analysis.md"
              },
              "icon": "lucide-list",
              "title": "Outline of 3503 Complex Analysis"
            }
          },
          {
            "id": "4efe9c39b0a05a34",
            "type": "leaf",
            "state": {
              "type": "advanced-tables-toolbar",
              "state": {},
              "icon": "lucide-file",
              "title": "Plugin no longer active"
            }
          },
          {
            "id": "fac4327ca48b29e5",
            "type": "leaf",
            "state": {
              "type": "file-properties",
              "state": {
                "file": "Index/3503 Complex Analysis.md"
              },
              "icon": "lucide-info",
              "title": "File properties for 3503 Complex Analysis"
            }
          }
        ],
        "currentTab": 1
      },
      {
        "id": "6ee068a319661ecd",
        "type": "tabs",
        "dimension": 49.9536607970343,
        "children": [
          {
            "id": "2a9819016994a6ab",
            "type": "leaf",
            "state": {
              "type": "localgraph",
              "state": {
                "options": {
                  "collapse-filter": false,
                  "search": "- path:Index  ",
                  "localJumps": 1,
                  "localBacklinks": true,
                  "localForelinks": true,
                  "localInterlinks": true,
                  "showTags": false,
                  "showAttachments": false,
                  "hideUnresolved": false,
                  "collapse-color-groups": true,
                  "colorGroups": [],
                  "collapse-display": true,
                  "showArrow": false,
                  "textFadeMultiplier": -2.2,
                  "nodeSizeMultiplier": 1,
                  "lineSizeMultiplier": 1,
                  "collapse-forces": true,
                  "centerStrength": 0.749796549479167,
                  "repelStrength": 4.26676432291667,
                  "linkStrength": 1,
                  "linkDistance": 42,
                  "scale": 0.930670824430456,
                  "close": true
                }
              },
              "icon": "lucide-git-fork",
              "title": "Graph view"
            }
          },
          {
            "id": "b99e26b0664bc3f8",
            "type": "leaf",
            "state": {
              "type": "tag",
              "state": {
                "sortOrder": "frequency",
                "useHierarchy": false
              },
              "icon": "lucide-tags",
              "title": "Tags"
            }
          }
        ]
      }
    ],
    "direction": "horizontal",
    "width": 258.5,
    "collapsed": true
  },
  "left-ribbon": {
    "hiddenItems": {
      "switcher:Open quick switcher": false,
      "graph:Open graph view": false,
      "command-palette:Open command palette": false,
      "templates:Insert template": false
    }
  },
  "active": "6e94257132214db9",
  "lastOpenFiles": [
    "Residues.md",
    "Index/3502 Real Analysis.md",
    "Test statistics.md",
    "Index/Attachments/tftvsalld_att.png",
    "Groups.md",
    "Generalised linear models.md",
    "Index/4003 Groups.md",
    "The orbit-stabiliser theorem.md",
    "Equivalence classes.md",
    "Symmetry.md",
    "Relations.md",
    "Equivalence relations.md",
    "Cayley tables.md",
    "Binary operations.md",
    "Functions.md",
    "Parseval's Theorem.md",
    "Complex numbers.md",
    "Continuity.md",
    "Theorems about integrals along a curve.md",
    "Curves.md",
    "Index/4509 Fluid Dynamics.md",
    "Vorticity dynamics in 2D.md",
    "Axisymmetric flows with vorticity.md",
    "Vorticity flux, curl, Stoke's theorem, circulation.md",
    "Vortex tubes.md",
    "Vorticity dynamics.md",
    "Flow around a sphere.md",
    "Index/Attachments/vortexring_att.png",
    "Index/Attachments/hardrejsamp_att.png",
    "Index/Attachments/rejecsampling_att.png",
    "Index/Attachments/arma11b_att.png",
    "Index/Attachments/acfarima_att.png",
    "Index/Attachments/acfarima.png",
    "Index/Attachments/presscyl_att.png",
    "Index/Attachments/cylinderflow_att.png",
    "Index/Attachments/spherpolcoord_att.png",
    "Index/Attachments/arma11a_att.png.sb-8b5661bb-JA76Hq",
    "Untitled",
    "Equilibrium distribution of a birth",
    "pen notes/2023-08-07_annotated.pdf",
    "pen notes/2023-08-07.xopp",
    "pen notes",
    "untitled folder",
    "templates",
    "Exponential growth",
    "Index/Attachments"
  ]
}